{
  "model_name": "raw_1dcnn",
  "feature_type": "raw",
  "best_val_loss": 1.3866931742004904,
  "best_val_acc": 0.5831533477321814,
  "test_loss": 1.379596480502877,
  "test_acc": 0.6021505376344086,
  "avg_epoch_time_sec": 31.748333333333335,
  "total_params": 129450,
  "trainable_params": 129450,
  "class_names": [
    "air_conditioner",
    "car_horn",
    "children_playing",
    "dog_bark",
    "drilling",
    "engine_idling",
    "gun_shot",
    "jackhammer",
    "siren",
    "street_music"
  ],
  "classification_report": {
    "air_conditioner": {
      "precision": 0.7333333333333333,
      "recall": 0.66,
      "f1-score": 0.6947368421052632,
      "support": 50.0
    },
    "car_horn": {
      "precision": 0.8,
      "recall": 0.6060606060606061,
      "f1-score": 0.6896551724137931,
      "support": 33.0
    },
    "children_playing": {
      "precision": 0.3181818181818182,
      "recall": 0.28,
      "f1-score": 0.2978723404255319,
      "support": 50.0
    },
    "dog_bark": {
      "precision": 0.5833333333333334,
      "recall": 0.56,
      "f1-score": 0.5714285714285714,
      "support": 50.0
    },
    "drilling": {
      "precision": 0.4810126582278481,
      "recall": 0.76,
      "f1-score": 0.5891472868217055,
      "support": 50.0
    },
    "engine_idling": {
      "precision": 0.6981132075471698,
      "recall": 0.74,
      "f1-score": 0.7184466019417476,
      "support": 50.0
    },
    "gun_shot": {
      "precision": 0.5245901639344263,
      "recall": 1.0,
      "f1-score": 0.6881720430107527,
      "support": 32.0
    },
    "jackhammer": {
      "precision": 0.8947368421052632,
      "recall": 0.68,
      "f1-score": 0.7727272727272727,
      "support": 50.0
    },
    "siren": {
      "precision": 0.5909090909090909,
      "recall": 0.52,
      "f1-score": 0.5531914893617021,
      "support": 50.0
    },
    "street_music": {
      "precision": 0.6428571428571429,
      "recall": 0.36,
      "f1-score": 0.46153846153846156,
      "support": 50.0
    },
    "accuracy": 0.6021505376344086,
    "macro avg": {
      "precision": 0.6267067590429426,
      "recall": 0.6166060606060607,
      "f1-score": 0.6036916081774801,
      "support": 465.0
    },
    "weighted avg": {
      "precision": 0.6243242076788208,
      "recall": 0.6021505376344086,
      "f1-score": 0.5972786438355098,
      "support": 465.0
    }
  },
  "confusion_matrix": [
    [
      33,
      0,
      4,
      0,
      0,
      2,
      2,
      1,
      4,
      4
    ],
    [
      0,
      20,
      0,
      2,
      1,
      3,
      5,
      0,
      2,
      0
    ],
    [
      1,
      1,
      14,
      14,
      7,
      5,
      2,
      0,
      2,
      4
    ],
    [
      2,
      2,
      0,
      28,
      3,
      3,
      11,
      0,
      1,
      0
    ],
    [
      2,
      0,
      5,
      0,
      38,
      0,
      2,
      1,
      2,
      0
    ],
    [
      4,
      0,
      2,
      1,
      0,
      37,
      0,
      2,
      2,
      2
    ],
    [
      0,
      0,
      0,
      0,
      0,
      0,
      32,
      0,
      0,
      0
    ],
    [
      0,
      0,
      1,
      0,
      12,
      0,
      3,
      34,
      0,
      0
    ],
    [
      0,
      0,
      12,
      3,
      5,
      0,
      4,
      0,
      26,
      0
    ],
    [
      3,
      2,
      6,
      0,
      13,
      3,
      0,
      0,
      5,
      18
    ]
  ],
  "resolved_data_dir": "data\\UrbanSound8K"
}