{
  "model_name": "logmel_1dcnn",
  "feature_type": "logmel",
  "best_val_loss": 1.080105384791644,
  "best_val_acc": 0.6393088552915767,
  "test_loss": 1.0934139003035843,
  "test_acc": 0.6043010752688172,
  "avg_epoch_time_sec": 5.701083333333333,
  "total_params": 145610,
  "trainable_params": 145610,
  "class_names": [
    "air_conditioner",
    "car_horn",
    "children_playing",
    "dog_bark",
    "drilling",
    "engine_idling",
    "gun_shot",
    "jackhammer",
    "siren",
    "street_music"
  ],
  "classification_report": {
    "air_conditioner": {
      "precision": 0.631578947368421,
      "recall": 0.24,
      "f1-score": 0.34782608695652173,
      "support": 50.0
    },
    "car_horn": {
      "precision": 0.5666666666666667,
      "recall": 0.5151515151515151,
      "f1-score": 0.5396825396825397,
      "support": 33.0
    },
    "children_playing": {
      "precision": 0.5714285714285714,
      "recall": 0.48,
      "f1-score": 0.5217391304347826,
      "support": 50.0
    },
    "dog_bark": {
      "precision": 1.0,
      "recall": 0.6,
      "f1-score": 0.75,
      "support": 50.0
    },
    "drilling": {
      "precision": 0.5660377358490566,
      "recall": 0.6,
      "f1-score": 0.5825242718446602,
      "support": 50.0
    },
    "engine_idling": {
      "precision": 0.4318181818181818,
      "recall": 0.76,
      "f1-score": 0.5507246376811594,
      "support": 50.0
    },
    "gun_shot": {
      "precision": 0.6326530612244898,
      "recall": 0.96875,
      "f1-score": 0.7654320987654321,
      "support": 32.0
    },
    "jackhammer": {
      "precision": 0.6545454545454545,
      "recall": 0.72,
      "f1-score": 0.6857142857142857,
      "support": 50.0
    },
    "siren": {
      "precision": 0.9259259259259259,
      "recall": 0.5,
      "f1-score": 0.6493506493506493,
      "support": 50.0
    },
    "street_music": {
      "precision": 0.5277777777777778,
      "recall": 0.76,
      "f1-score": 0.6229508196721312,
      "support": 50.0
    },
    "accuracy": 0.6043010752688172,
    "macro avg": {
      "precision": 0.6508432322604545,
      "recall": 0.6143901515151515,
      "f1-score": 0.6015944520102162,
      "support": 465.0
    },
    "weighted avg": {
      "precision": 0.6546247907416197,
      "recall": 0.6043010752688172,
      "f1-score": 0.5975157958123164,
      "support": 465.0
    }
  },
  "confusion_matrix": [
    [
      12,
      1,
      1,
      0,
      3,
      32,
      0,
      0,
      1,
      0
    ],
    [
      0,
      17,
      0,
      0,
      0,
      1,
      9,
      4,
      0,
      2
    ],
    [
      1,
      1,
      24,
      0,
      8,
      0,
      1,
      0,
      0,
      15
    ],
    [
      0,
      5,
      3,
      30,
      0,
      0,
      6,
      4,
      0,
      2
    ],
    [
      2,
      1,
      2,
      0,
      30,
      4,
      1,
      5,
      0,
      5
    ],
    [
      3,
      0,
      1,
      0,
      5,
      38,
      0,
      2,
      0,
      1
    ],
    [
      0,
      0,
      0,
      0,
      0,
      0,
      31,
      1,
      0,
      0
    ],
    [
      0,
      0,
      0,
      0,
      0,
      13,
      1,
      36,
      0,
      0
    ],
    [
      1,
      4,
      6,
      0,
      2,
      0,
      0,
      3,
      25,
      9
    ],
    [
      0,
      1,
      5,
      0,
      5,
      0,
      0,
      0,
      1,
      38
    ]
  ],
  "resolved_data_dir": "data\\UrbanSound8K"
}