{
  "model_name": "mfcc_1dcnn",
  "feature_type": "mfcc",
  "best_val_loss": 1.3466923502042536,
  "best_val_acc": 0.5809935205183585,
  "test_loss": 1.269756455318902,
  "test_acc": 0.5526881720430108,
  "avg_epoch_time_sec": 6.987449999999998,
  "total_params": 137930,
  "trainable_params": 137930,
  "class_names": [
    "air_conditioner",
    "car_horn",
    "children_playing",
    "dog_bark",
    "drilling",
    "engine_idling",
    "gun_shot",
    "jackhammer",
    "siren",
    "street_music"
  ],
  "classification_report": {
    "air_conditioner": {
      "precision": 0.3902439024390244,
      "recall": 0.64,
      "f1-score": 0.48484848484848486,
      "support": 50.0
    },
    "car_horn": {
      "precision": 0.6857142857142857,
      "recall": 0.7272727272727273,
      "f1-score": 0.7058823529411765,
      "support": 33.0
    },
    "children_playing": {
      "precision": 0.4852941176470588,
      "recall": 0.66,
      "f1-score": 0.559322033898305,
      "support": 50.0
    },
    "dog_bark": {
      "precision": 0.7674418604651163,
      "recall": 0.66,
      "f1-score": 0.7096774193548387,
      "support": 50.0
    },
    "drilling": {
      "precision": 0.38095238095238093,
      "recall": 0.16,
      "f1-score": 0.22535211267605634,
      "support": 50.0
    },
    "engine_idling": {
      "precision": 0.42857142857142855,
      "recall": 0.3,
      "f1-score": 0.35294117647058826,
      "support": 50.0
    },
    "gun_shot": {
      "precision": 0.72,
      "recall": 0.5625,
      "f1-score": 0.631578947368421,
      "support": 32.0
    },
    "jackhammer": {
      "precision": 0.47368421052631576,
      "recall": 0.72,
      "f1-score": 0.5714285714285714,
      "support": 50.0
    },
    "siren": {
      "precision": 0.7241379310344828,
      "recall": 0.42,
      "f1-score": 0.5316455696202531,
      "support": 50.0
    },
    "street_music": {
      "precision": 0.7254901960784313,
      "recall": 0.74,
      "f1-score": 0.7326732673267327,
      "support": 50.0
    },
    "accuracy": 0.5526881720430108,
    "macro avg": {
      "precision": 0.5781530313428525,
      "recall": 0.5589772727272727,
      "f1-score": 0.5505349935933428,
      "support": 465.0
    },
    "weighted avg": {
      "precision": 0.5687298340092115,
      "recall": 0.5526881720430108,
      "f1-score": 0.5417184424603007,
      "support": 465.0
    }
  },
  "confusion_matrix": [
    [
      32,
      0,
      1,
      0,
      1,
      9,
      0,
      5,
      2,
      0
    ],
    [
      0,
      24,
      0,
      1,
      1,
      0,
      2,
      1,
      0,
      4
    ],
    [
      7,
      1,
      33,
      1,
      0,
      0,
      0,
      3,
      0,
      5
    ],
    [
      0,
      2,
      3,
      33,
      2,
      3,
      4,
      0,
      3,
      0
    ],
    [
      10,
      1,
      9,
      4,
      8,
      3,
      0,
      14,
      0,
      1
    ],
    [
      23,
      0,
      1,
      0,
      0,
      15,
      0,
      10,
      1,
      0
    ],
    [
      0,
      4,
      0,
      4,
      3,
      0,
      18,
      3,
      0,
      0
    ],
    [
      5,
      0,
      0,
      0,
      3,
      5,
      1,
      36,
      0,
      0
    ],
    [
      5,
      1,
      14,
      0,
      1,
      0,
      0,
      4,
      21,
      4
    ],
    [
      0,
      2,
      7,
      0,
      2,
      0,
      0,
      0,
      2,
      37
    ]
  ],
  "resolved_data_dir": "data\\UrbanSound8K"
}